Date,Beach,Attendance
05/26/2017,Coney Island,0
05/26/2017,Orchard,0
05/26/2017,Manhattan,0
05/26/2017,Rockaway,0
05/26/2017,Midland,0
05/26/2017,South Beach,0
05/26/2017,Wolfe's Pond,0
05/26/2017,Cedar Grove,0
05/27/2017,Coney Island,30000
05/27/2017,Orchard,550
05/27/2017,Manhattan,3800
05/27/2017,Rockaway,6000
05/27/2017,Midland,1200
05/27/2017,South Beach,1550
05/27/2017,Wolfe's Pond,175
05/27/2017,Cedar Grove,50
05/28/2017,Coney Island,49000
05/28/2017,Orchard,1400
05/28/2017,Manhattan,2200
05/28/2017,Rockaway,6400
05/28/2017,Midland,1200
05/28/2017,South Beach,1500
05/28/2017,Wolfe's Pond,300
05/28/2017,Cedar Grove,45
05/29/2017,Coney Island,2100
05/29/2017,Orchard,100
05/29/2017,Manhattan,220
05/29/2017,Rockaway,900
05/29/2017,Midland,1500
05/29/2017,South Beach,1600
05/29/2017,Wolfe's Pond,25
05/29/2017,Cedar Grove,0
05/30/2017,Coney Island,1000
05/30/2017,Orchard,300
05/30/2017,Manhattan,190
05/30/2017,Rockaway,500
05/30/2017,Midland,450
05/30/2017,South Beach,475
05/30/2017,Wolfe's Pond,35
05/30/2017,Cedar Grove,23
05/31/2017,Coney Island,2300
05/31/2017,Orchard,450
05/31/2017,Manhattan,600
05/31/2017,Rockaway,800
05/31/2017,Midland,145
05/31/2017,South Beach,245
05/31/2017,Wolfe's Pond,35
05/31/2017,Cedar Grove,10
06/01/2017,Coney Island,8000
06/01/2017,Orchard,900
06/01/2017,Manhattan,1100
06/01/2017,Rockaway,4300
06/01/2017,Midland,895
06/01/2017,South Beach,1025
06/01/2017,Wolfe's Pond,45
06/01/2017,Cedar Grove,50
06/02/2017,Coney Island,9500
06/02/2017,Orchard,1100
06/02/2017,Manhattan,750
06/02/2017,Rockaway,4300
06/02/2017,Midland,350
06/02/2017,South Beach,450
06/02/2017,Wolfe's Pond,74
06/02/2017,Cedar Grove,30
06/03/2017,Coney Island,46000
06/03/2017,Orchard,1800
06/03/2017,Manhattan,800
06/03/2017,Rockaway,8400
06/03/2017,Midland,650
06/03/2017,South Beach,800
06/03/2017,Wolfe's Pond,535
06/03/2017,Cedar Grove,55
06/04/2017,Coney Island,16000
06/04/2017,Orchard,300
06/04/2017,Manhattan,400
06/04/2017,Rockaway,1900
06/04/2017,Midland,2900
06/04/2017,South Beach,950
06/04/2017,Wolfe's Pond,150
06/04/2017,Cedar Grove,33
06/05/2017,Coney Island,14000
06/05/2017,Orchard,150
06/05/2017,Manhattan,680
06/05/2017,Rockaway,600
06/05/2017,Midland,250
06/05/2017,South Beach,450
06/05/2017,Wolfe's Pond,105
06/05/2017,Cedar Grove,20
06/06/2017,Coney Island,1650
06/06/2017,Orchard,35
06/06/2017,Manhattan,175
06/06/2017,Rockaway,700
06/06/2017,Midland,200
06/06/2017,South Beach,550
06/06/2017,Wolfe's Pond,35
06/06/2017,Cedar Grove,15
06/07/2017,Coney Island,15000
06/07/2017,Orchard,700
06/07/2017,Manhattan,400
06/07/2017,Rockaway,900
06/07/2017,Midland,450
06/07/2017,South Beach,575
06/07/2017,Wolfe's Pond,85
06/07/2017,Cedar Grove,50
06/08/2017,Coney Island,8000
06/08/2017,Orchard,350
06/08/2017,Manhattan,600
06/08/2017,Rockaway,1800
06/08/2017,Midland,500
06/08/2017,South Beach,700
06/08/2017,Wolfe's Pond,65
06/08/2017,Cedar Grove,50
06/09/2017,Coney Island,13000
06/09/2017,Orchard,1600
06/09/2017,Manhattan,1150
06/09/2017,Rockaway,6200
06/09/2017,Midland,700
06/09/2017,South Beach,1050
06/09/2017,Wolfe's Pond,225
06/09/2017,Cedar Grove,75
06/10/2017,Coney Island,75000
06/10/2017,Orchard,21200
06/10/2017,Manhattan,2300
06/10/2017,Rockaway,205450
06/10/2017,Midland,3350
06/10/2017,South Beach,2400
06/10/2017,Wolfe's Pond,309
06/10/2017,Cedar Grove,175
06/11/2017,Coney Island,360000
06/11/2017,Orchard,86000
06/11/2017,Manhattan,7000
06/11/2017,Rockaway,157000
06/11/2017,Midland,8500
06/11/2017,South Beach,7500
06/11/2017,Wolfe's Pond,1100
06/11/2017,Cedar Grove,450
06/12/2017,Coney Island,132000
06/12/2017,Orchard,8500
06/12/2017,Manhattan,5500
06/12/2017,Rockaway,65500
06/12/2017,Midland,950
06/12/2017,South Beach,1250
06/12/2017,Wolfe's Pond,350
06/12/2017,Cedar Grove,170
06/13/2017,Coney Island,76000
06/13/2017,Orchard,3500
06/13/2017,Manhattan,1900
06/13/2017,Rockaway,80800
06/13/2017,Midland,750
06/13/2017,South Beach,1150
06/13/2017,Wolfe's Pond,135
06/13/2017,Cedar Grove,225
06/14/2017,Coney Island,7500
06/14/2017,Orchard,8000
06/14/2017,Manhattan,650
06/14/2017,Rockaway,4900
06/14/2017,Midland,375
06/14/2017,South Beach,450
06/14/2017,Wolfe's Pond,75
06/14/2017,Cedar Grove,55
06/15/2017,Coney Island,7500
06/15/2017,Orchard,900
06/15/2017,Manhattan,830
06/15/2017,Rockaway,8200
06/15/2017,Midland,375
06/15/2017,South Beach,480
06/15/2017,Wolfe's Pond,160
06/15/2017,Cedar Grove,35
06/16/2017,Coney Island,4000
06/16/2017,Orchard,150
06/16/2017,Manhattan,300
06/16/2017,Rockaway,2300
06/16/2017,Midland,250
06/16/2017,South Beach,350
06/16/2017,Wolfe's Pond,80
06/16/2017,Cedar Grove,27
06/17/2017,Coney Island,306000
06/17/2017,Orchard,550
06/17/2017,Manhattan,350
06/17/2017,Rockaway,2500
06/17/2017,Midland,1375
06/17/2017,South Beach,2750
06/17/2017,Wolfe's Pond,55
06/17/2017,Cedar Grove,25
06/18/2017,Coney Island,69500
06/18/2017,Orchard,1400
06/18/2017,Manhattan,1250
06/18/2017,Rockaway,43400
06/18/2017,Midland,3200
06/18/2017,South Beach,3300
06/18/2017,Wolfe's Pond,490
06/18/2017,Cedar Grove,95
06/19/2017,Coney Island,7300
06/19/2017,Orchard,900
06/19/2017,Manhattan,350
06/19/2017,Rockaway,4500
06/19/2017,Midland,650
06/19/2017,South Beach,800
06/19/2017,Wolfe's Pond,105
06/19/2017,Cedar Grove,75
06/20/2017,Coney Island,17000
06/20/2017,Orchard,5500
06/20/2017,Manhattan,2800
06/20/2017,Rockaway,28200
06/20/2017,Midland,520
06/20/2017,South Beach,730
06/20/2017,Wolfe's Pond,130
06/20/2017,Cedar Grove,135
06/21/2017,Coney Island,7500
06/21/2017,Orchard,6000
06/21/2017,Manhattan,1100
06/21/2017,Rockaway,24200
06/21/2017,Midland,700
06/21/2017,South Beach,1650
06/21/2017,Wolfe's Pond,90
06/21/2017,Cedar Grove,170
06/22/2017,Coney Island,6000
06/22/2017,Orchard,1300
06/22/2017,Manhattan,1350
06/22/2017,Rockaway,36000
06/22/2017,Midland,700
06/22/2017,South Beach,1050
06/22/2017,Wolfe's Pond,100
06/22/2017,Cedar Grove,90
06/23/2017,Coney Island,5500
06/23/2017,Orchard,300
06/23/2017,Manhattan,600
06/23/2017,Rockaway,8200
06/23/2017,Midland,350
06/23/2017,South Beach,500
06/23/2017,Wolfe's Pond,95
06/23/2017,Cedar Grove,16
06/24/2017,Coney Island,44000
06/24/2017,Orchard,20150
06/24/2017,Manhattan,1500
06/24/2017,Rockaway,89500
06/24/2017,Midland,650
06/24/2017,South Beach,950
06/24/2017,Wolfe's Pond,275
06/24/2017,Cedar Grove,70
06/25/2017,Coney Island,305000
06/25/2017,Orchard,81000
06/25/2017,Manhattan,5500
06/25/2017,Rockaway,114800
06/25/2017,Midland,2300
06/25/2017,South Beach,1800
06/25/2017,Wolfe's Pond,900
06/25/2017,Cedar Grove,350
06/26/2017,Coney Island,21000
06/26/2017,Orchard,4500
06/26/2017,Manhattan,1000
06/26/2017,Rockaway,13800
06/26/2017,Midland,750
06/26/2017,South Beach,900
06/26/2017,Wolfe's Pond,100
06/26/2017,Cedar Grove,245
06/27/2017,Coney Island,5200
06/27/2017,Orchard,350
06/27/2017,Manhattan,300
06/27/2017,Rockaway,10000
06/27/2017,Midland,350
06/27/2017,South Beach,625
06/27/2017,Wolfe's Pond,70
06/27/2017,Cedar Grove,25
06/28/2017,Coney Island,6700
06/28/2017,Orchard,2050
06/28/2017,Manhattan,1600
06/28/2017,Rockaway,26500
06/28/2017,Midland,650
06/28/2017,South Beach,800
06/28/2017,Wolfe's Pond,250
06/28/2017,Cedar Grove,200
06/29/2017,Coney Island,9900
06/29/2017,Orchard,50350
06/29/2017,Manhattan,1300
06/29/2017,Rockaway,9300
06/29/2017,Midland,1250
06/29/2017,South Beach,850
06/29/2017,Wolfe's Pond,110
06/29/2017,Cedar Grove,95
06/30/2017,Coney Island,120000
06/30/2017,Orchard,5350
06/30/2017,Manhattan,3700
06/30/2017,Rockaway,50400
06/30/2017,Midland,750
06/30/2017,South Beach,1000
06/30/2017,Wolfe's Pond,240
06/30/2017,Cedar Grove,185
07/01/2017,Coney Island,12000
07/01/2017,Orchard,2150
07/01/2017,Manhattan,1250
07/01/2017,Rockaway,28800
07/01/2017,Midland,650
07/01/2017,South Beach,1100
07/01/2017,Wolfe's Pond,700
07/01/2017,Cedar Grove,45
07/02/2017,Coney Island,370000
07/02/2017,Orchard,76250
07/02/2017,Manhattan,10000
07/02/2017,Rockaway,181600
07/02/2017,Midland,3700
07/02/2017,South Beach,5600
07/02/2017,Wolfe's Pond,1060
07/02/2017,Cedar Grove,435
07/03/2017,Coney Island,128000
07/03/2017,Orchard,36450
07/03/2017,Manhattan,4000
07/03/2017,Rockaway,97500
07/03/2017,Midland,1350
07/03/2017,South Beach,1950
07/03/2017,Wolfe's Pond,270
07/03/2017,Cedar Grove,540
07/04/2017,Coney Island,705000
07/04/2017,Orchard,101500
07/04/2017,Manhattan,25000
07/04/2017,Rockaway,260000
07/04/2017,Midland,17600
07/04/2017,South Beach,18050
07/04/2017,Wolfe's Pond,3000
07/04/2017,Cedar Grove,690
07/05/2017,Coney Island,8000
07/05/2017,Orchard,5500
07/05/2017,Manhattan,950
07/05/2017,Rockaway,41000
07/05/2017,Midland,1450
07/05/2017,South Beach,1850
07/05/2017,Wolfe's Pond,115
07/05/2017,Cedar Grove,0
07/06/2017,Coney Island,9000
07/06/2017,Orchard,550
07/06/2017,Manhattan,800
07/06/2017,Rockaway,3000
07/06/2017,Midland,600
07/06/2017,South Beach,800
07/06/2017,Wolfe's Pond,45
07/06/2017,Cedar Grove,30
07/07/2017,Coney Island,6500
07/07/2017,Orchard,280
07/07/2017,Manhattan,360
07/07/2017,Rockaway,4200
07/07/2017,Midland,650
07/07/2017,South Beach,900
07/07/2017,Wolfe's Pond,85
07/07/2017,Cedar Grove,45
07/08/2017,Coney Island,55000
07/08/2017,Orchard,6550
07/08/2017,Manhattan,5100
07/08/2017,Rockaway,93500
07/08/2017,Midland,2700
07/08/2017,South Beach,4350
07/08/2017,Wolfe's Pond,450
07/08/2017,Cedar Grove,280
07/09/2017,Coney Island,125000
07/09/2017,Orchard,103000
07/09/2017,Manhattan,7000
07/09/2017,Rockaway,209000
07/09/2017,Midland,21400
07/09/2017,South Beach,31600
07/09/2017,Wolfe's Pond,1125
07/09/2017,Cedar Grove,600
07/10/2017,Coney Island,23000
07/10/2017,Orchard,2000
07/10/2017,Manhattan,2200
07/10/2017,Rockaway,18000
07/10/2017,Midland,2000
07/10/2017,South Beach,2500
07/10/2017,Wolfe's Pond,90
07/10/2017,Cedar Grove,205
07/11/2017,Coney Island,11000
07/11/2017,Orchard,7900
07/11/2017,Manhattan,1000
07/11/2017,Rockaway,19500
07/11/2017,Midland,1300
07/11/2017,South Beach,1600
07/11/2017,Wolfe's Pond,75
07/11/2017,Cedar Grove,75
07/12/2017,Coney Island,8500
07/12/2017,Orchard,1355
07/12/2017,Manhattan,1500
07/12/2017,Rockaway,19500
07/12/2017,Midland,1900
07/12/2017,South Beach,2800
07/12/2017,Wolfe's Pond,150
07/12/2017,Cedar Grove,125
07/13/2017,Coney Island,8000
07/13/2017,Orchard,2400
07/13/2017,Manhattan,2000
07/13/2017,Rockaway,25500
07/13/2017,Midland,1350
07/13/2017,South Beach,1950
07/13/2017,Wolfe's Pond,60
07/13/2017,Cedar Grove,80
07/14/2017,Coney Island,1450
07/14/2017,Orchard,450
07/14/2017,Manhattan,100
07/14/2017,Rockaway,400
07/14/2017,Midland,300
07/14/2017,South Beach,450
07/14/2017,Wolfe's Pond,0
07/14/2017,Cedar Grove,8
07/15/2017,Coney Island,278000
07/15/2017,Orchard,45550
07/15/2017,Manhattan,5200
07/15/2017,Rockaway,206200
07/15/2017,Midland,5500
07/15/2017,South Beach,5100
07/15/2017,Wolfe's Pond,355
07/15/2017,Cedar Grove,225
07/16/2017,Coney Island,385000
07/16/2017,Orchard,101348
07/16/2017,Manhattan,6800
07/16/2017,Rockaway,254000
07/16/2017,Midland,19500
07/16/2017,South Beach,20000
07/16/2017,Wolfe's Pond,1390
07/16/2017,Cedar Grove,800
07/17/2017,Coney Island,18000
07/17/2017,Orchard,6350
07/17/2017,Manhattan,1300
07/17/2017,Rockaway,25500
07/17/2017,Midland,2200
07/17/2017,South Beach,3200
07/17/2017,Wolfe's Pond,190
07/17/2017,Cedar Grove,100
07/18/2017,Coney Island,20000
07/18/2017,Orchard,4150
07/18/2017,Manhattan,2400
07/18/2017,Rockaway,68500
07/18/2017,Midland,2200
07/18/2017,South Beach,3100
07/18/2017,Wolfe's Pond,60
07/18/2017,Cedar Grove,155
07/19/2017,Coney Island,12500
07/19/2017,Orchard,8500
07/19/2017,Manhattan,2000
07/19/2017,Rockaway,47500
07/19/2017,Midland,1600
07/19/2017,South Beach,1900
07/19/2017,Wolfe's Pond,1850
07/19/2017,Cedar Grove,160
07/20/2017,Coney Island,15000
07/20/2017,Orchard,9550
07/20/2017,Manhattan,4400
07/20/2017,Rockaway,27500
07/20/2017,Midland,1800
07/20/2017,South Beach,1900
07/20/2017,Wolfe's Pond,245
07/20/2017,Cedar Grove,230
07/21/2017,Coney Island,100000
07/21/2017,Orchard,46200
07/21/2017,Manhattan,4000
07/21/2017,Rockaway,98500
07/21/2017,Midland,7050
07/21/2017,South Beach,8000
07/21/2017,Wolfe's Pond,125
07/21/2017,Cedar Grove,160
07/22/2017,Coney Island,235000
07/22/2017,Orchard,77500
07/22/2017,Manhattan,7000
07/22/2017,Rockaway,136000
07/22/2017,Midland,70500
07/22/2017,South Beach,33000
07/22/2017,Wolfe's Pond,200
07/22/2017,Cedar Grove,400
07/23/2017,Coney Island,155000
07/23/2017,Orchard,88500
07/23/2017,Manhattan,3800
07/23/2017,Rockaway,90000
07/23/2017,Midland,17000
07/23/2017,South Beach,20500
07/23/2017,Wolfe's Pond,820
07/23/2017,Cedar Grove,140
07/24/2017,Coney Island,6050
07/24/2017,Orchard,225
07/24/2017,Manhattan,145
07/24/2017,Rockaway,2500
07/24/2017,Midland,275
07/24/2017,South Beach,500
07/24/2017,Wolfe's Pond,25
07/24/2017,Cedar Grove,15
07/25/2017,Coney Island,2200
07/25/2017,Orchard,305
07/25/2017,Manhattan,450
07/25/2017,Rockaway,2500
07/25/2017,Midland,275
07/25/2017,South Beach,410
07/25/2017,Wolfe's Pond,20
07/25/2017,Cedar Grove,15
07/26/2017,Coney Island,18000
07/26/2017,Orchard,2500
07/26/2017,Manhattan,1150
07/26/2017,Rockaway,71000
07/26/2017,Midland,600
07/26/2017,South Beach,825
07/26/2017,Wolfe's Pond,190
07/26/2017,Cedar Grove,175
07/27/2017,Coney Island,3200
07/27/2017,Orchard,700
07/27/2017,Manhattan,1320
07/27/2017,Rockaway,22000
07/27/2017,Midland,550
07/27/2017,South Beach,750
07/27/2017,Wolfe's Pond,90
07/27/2017,Cedar Grove,35
07/28/2017,Coney Island,13500
07/28/2017,Orchard,2100
07/28/2017,Manhattan,1300
07/28/2017,Rockaway,72000
07/28/2017,Midland,800
07/28/2017,South Beach,1000
07/28/2017,Wolfe's Pond,90
07/28/2017,Cedar Grove,70
07/29/2017,Coney Island,5000
07/29/2017,Orchard,2500
07/29/2017,Manhattan,600
07/29/2017,Rockaway,16000
07/29/2017,Midland,850
07/29/2017,South Beach,875
07/29/2017,Wolfe's Pond,190
07/29/2017,Cedar Grove,10
07/30/2017,Coney Island,190000
07/30/2017,Orchard,87500
07/30/2017,Manhattan,4000
07/30/2017,Rockaway,167000
07/30/2017,Midland,3200
07/30/2017,South Beach,3400
07/30/2017,Wolfe's Pond,1500
07/30/2017,Cedar Grove,535
07/31/2017,Coney Island,40000
07/31/2017,Orchard,4600
07/31/2017,Manhattan,1150
07/31/2017,Rockaway,30500
07/31/2017,Midland,2000
07/31/2017,South Beach,2400
07/31/2017,Wolfe's Pond,110
07/31/2017,Cedar Grove,170
08/01/2017,Coney Island,18000
08/01/2017,Orchard,8950
08/01/2017,Manhattan,1350
08/01/2017,Rockaway,91500
08/01/2017,Midland,13700
08/01/2017,South Beach,7100
08/01/2017,Wolfe's Pond,120
08/01/2017,Cedar Grove,225
08/02/2017,Coney Island,2200
08/02/2017,Orchard,1400
08/02/2017,Manhattan,550
08/02/2017,Rockaway,16500
08/02/2017,Midland,625
08/02/2017,South Beach,700
08/02/2017,Wolfe's Pond,75
08/02/2017,Cedar Grove,75
08/03/2017,Coney Island,17500
08/03/2017,Orchard,2050
08/03/2017,Manhattan,1350
08/03/2017,Rockaway,15000
08/03/2017,Midland,600
08/03/2017,South Beach,750
08/03/2017,Wolfe's Pond,115
08/03/2017,Cedar Grove,125
08/04/2017,Coney Island,18500
08/04/2017,Orchard,2150
08/04/2017,Manhattan,950
08/04/2017,Rockaway,29000
08/04/2017,Midland,550
08/04/2017,South Beach,750
08/04/2017,Wolfe's Pond,105
08/04/2017,Cedar Grove,120
08/05/2017,Coney Island,76000
08/05/2017,Orchard,4450
08/05/2017,Manhattan,900
08/05/2017,Rockaway,38800
08/05/2017,Midland,2350
08/05/2017,South Beach,2900
08/05/2017,Wolfe's Pond,450
08/05/2017,Cedar Grove,70
08/06/2017,Coney Island,185000
08/06/2017,Orchard,75500
08/06/2017,Manhattan,3500
08/06/2017,Rockaway,123000
08/06/2017,Midland,8400
08/06/2017,South Beach,5400
08/06/2017,Wolfe's Pond,1550
08/06/2017,Cedar Grove,225
08/07/2017,Coney Island,550
08/07/2017,Orchard,650
08/07/2017,Manhattan,280
08/07/2017,Rockaway,345
08/07/2017,Midland,250
08/07/2017,South Beach,350
08/07/2017,Wolfe's Pond,0
08/07/2017,Cedar Grove,0
08/08/2017,Coney Island,3000
08/08/2017,Orchard,500
08/08/2017,Manhattan,550
08/08/2017,Rockaway,14400
08/08/2017,Midland,525
08/08/2017,South Beach,625
08/08/2017,Wolfe's Pond,90
08/08/2017,Cedar Grove,25
08/09/2017,Coney Island,16500
08/09/2017,Orchard,2950
08/09/2017,Manhattan,1250
08/09/2017,Rockaway,10500
08/09/2017,Midland,3500
08/09/2017,South Beach,4000
08/09/2017,Wolfe's Pond,300
08/09/2017,Cedar Grove,250
08/10/2017,Coney Island,10500
08/10/2017,Orchard,9900
08/10/2017,Manhattan,1150
08/10/2017,Rockaway,27500
08/10/2017,Midland,3300
08/10/2017,South Beach,3900
08/10/2017,Wolfe's Pond,115
08/10/2017,Cedar Grove,140
08/11/2017,Coney Island,16000
08/11/2017,Orchard,1350
08/11/2017,Manhattan,1400
08/11/2017,Rockaway,24000
08/11/2017,Midland,2400
08/11/2017,South Beach,2950
08/11/2017,Wolfe's Pond,85
08/11/2017,Cedar Grove,125
08/12/2017,Coney Island,83000
08/12/2017,Orchard,3500
08/12/2017,Manhattan,1250
08/12/2017,Rockaway,13600
08/12/2017,Midland,3000
08/12/2017,South Beach,3500
08/12/2017,Wolfe's Pond,270
08/12/2017,Cedar Grove,45
08/13/2017,Coney Island,295000
08/13/2017,Orchard,86000
08/13/2017,Manhattan,5500
08/13/2017,Rockaway,137000
08/13/2017,Midland,5500
08/13/2017,South Beach,6300
08/13/2017,Wolfe's Pond,840
08/13/2017,Cedar Grove,420
08/14/2017,Coney Island,9500
08/14/2017,Orchard,1150
08/14/2017,Manhattan,1000
08/14/2017,Rockaway,14500
08/14/2017,Midland,1400
08/14/2017,South Beach,1700
08/14/2017,Wolfe's Pond,70
08/14/2017,Cedar Grove,60
08/15/2017,Coney Island,1550
08/15/2017,Orchard,500
08/15/2017,Manhattan,500
08/15/2017,Rockaway,3000
08/15/2017,Midland,300
08/15/2017,South Beach,400
08/15/2017,Wolfe's Pond,40
08/15/2017,Cedar Grove,20
08/16/2017,Coney Island,20800
08/16/2017,Orchard,45550
08/16/2017,Manhattan,1300
08/16/2017,Rockaway,33500
08/16/2017,Midland,1650
08/16/2017,South Beach,1900
08/16/2017,Wolfe's Pond,215
08/16/2017,Cedar Grove,365
08/17/2017,Coney Island,20000
08/17/2017,Orchard,9500
08/17/2017,Manhattan,1400
08/17/2017,Rockaway,50100
08/17/2017,Midland,1050
08/17/2017,South Beach,1300
08/17/2017,Wolfe's Pond,145
08/17/2017,Cedar Grove,265
08/18/2017,Coney Island,3000
08/18/2017,Orchard,300
08/18/2017,Manhattan,70
08/18/2017,Rockaway,1500
08/18/2017,Midland,270
08/18/2017,South Beach,370
08/18/2017,Wolfe's Pond,25
08/18/2017,Cedar Grove,30
08/19/2017,Coney Island,125000
08/19/2017,Orchard,83500
08/19/2017,Manhattan,3100
08/19/2017,Rockaway,203000
08/19/2017,Midland,9100
08/19/2017,South Beach,7300
08/19/2017,Wolfe's Pond,440
08/19/2017,Cedar Grove,295
08/20/2017,Coney Island,345000
08/20/2017,Orchard,100000
08/20/2017,Manhattan,5700
08/20/2017,Rockaway,206000
08/20/2017,Midland,5600
08/20/2017,South Beach,5600
08/20/2017,Wolfe's Pond,1600
08/20/2017,Cedar Grove,350
08/21/2017,Coney Island,31500
08/21/2017,Orchard,2850
08/21/2017,Manhattan,1150
08/21/2017,Rockaway,63000
08/21/2017,Midland,4700
08/21/2017,South Beach,6500
08/21/2017,Wolfe's Pond,125
08/21/2017,Cedar Grove,190
08/22/2017,Coney Island,25000
08/22/2017,Orchard,50550
08/22/2017,Manhattan,1200
08/22/2017,Rockaway,47000
08/22/2017,Midland,2500
08/22/2017,South Beach,2900
08/22/2017,Wolfe's Pond,140
08/22/2017,Cedar Grove,125
08/23/2017,Coney Island,26500
08/23/2017,Orchard,28550
08/23/2017,Manhattan,1250
08/23/2017,Rockaway,43500
08/23/2017,Midland,2050
08/23/2017,South Beach,2700
08/23/2017,Wolfe's Pond,110
08/23/2017,Cedar Grove,115
08/24/2017,Coney Island,22500
08/24/2017,Orchard,3675
08/24/2017,Manhattan,1700
08/24/2017,Rockaway,30000
08/24/2017,Midland,1800
08/24/2017,South Beach,2200
08/24/2017,Wolfe's Pond,115
08/24/2017,Cedar Grove,260
08/25/2017,Coney Island,11000
08/25/2017,Orchard,2850
08/25/2017,Manhattan,1050
08/25/2017,Rockaway,25000
08/25/2017,Midland,1250
08/25/2017,South Beach,1550
08/25/2017,Wolfe's Pond,110
08/25/2017,Cedar Grove,245
08/26/2017,Coney Island,164000
08/26/2017,Orchard,83400
08/26/2017,Manhattan,2000
08/26/2017,Rockaway,135000
08/26/2017,Midland,7700
08/26/2017,South Beach,7400
08/26/2017,Wolfe's Pond,530
08/26/2017,Cedar Grove,210
08/27/2017,Coney Island,173500
08/27/2017,Orchard,97000
08/27/2017,Manhattan,1600
08/27/2017,Rockaway,125000
08/27/2017,Midland,5800
08/27/2017,South Beach,6300
08/27/2017,Wolfe's Pond,280
08/27/2017,Cedar Grove,325
08/28/2017,Coney Island,9000
08/28/2017,Orchard,1750
08/28/2017,Manhattan,600
08/28/2017,Rockaway,18000
08/28/2017,Midland,945
08/28/2017,South Beach,1170
08/28/2017,Wolfe's Pond,90
08/28/2017,Cedar Grove,95
08/29/2017,Coney Island,450
08/29/2017,Orchard,250
08/29/2017,Manhattan,260
08/29/2017,Rockaway,3000
08/29/2017,Midland,450
08/29/2017,South Beach,570
08/29/2017,Wolfe's Pond,25
08/29/2017,Cedar Grove,5
08/30/2017,Coney Island,20500
08/30/2017,Orchard,2350
08/30/2017,Manhattan,1100
08/30/2017,Rockaway,17000
08/30/2017,Midland,1350
08/30/2017,South Beach,1445
08/30/2017,Wolfe's Pond,155
08/30/2017,Cedar Grove,105
08/31/2017,Coney Island,7750
08/31/2017,Orchard,1700
08/31/2017,Manhattan,700
08/31/2017,Rockaway,10500
08/31/2017,Midland,900
08/31/2017,South Beach,1150
08/31/2017,Wolfe's Pond,40
08/31/2017,Cedar Grove,65
09/01/2017,Coney Island,17500
09/01/2017,Orchard,500
09/01/2017,Manhattan,1300
09/01/2017,Rockaway,2900
09/01/2017,Midland,3700
09/01/2017,South Beach,1300
09/01/2017,Wolfe's Pond,55
09/01/2017,Cedar Grove,90
09/02/2017,Coney Island,10000
09/02/2017,Orchard,1550
09/02/2017,Manhattan,700
09/02/2017,Rockaway,3200
09/02/2017,Midland,1150
09/02/2017,South Beach,1400
09/02/2017,Wolfe's Pond,105
09/02/2017,Cedar Grove,10
09/03/2017,Coney Island,20075
09/03/2017,Orchard,350
09/03/2017,Manhattan,400
09/03/2017,Rockaway,700
09/03/2017,Midland,850
09/03/2017,South Beach,870
09/03/2017,Wolfe's Pond,100
09/03/2017,Cedar Grove,25
09/04/2017,Coney Island,80000
09/04/2017,Orchard,93500
09/04/2017,Manhattan,3500
09/04/2017,Rockaway,143500
09/04/2017,Midland,6100
09/04/2017,South Beach,6400
09/04/2017,Wolfe's Pond,890
09/04/2017,Cedar Grove,360
09/05/2017,Coney Island,16000
09/05/2017,Orchard,2500
09/05/2017,Manhattan,700
09/05/2017,Rockaway,13500
09/05/2017,Midland,1200
09/05/2017,South Beach,1370
09/05/2017,Wolfe's Pond,35
09/05/2017,Cedar Grove,15
09/06/2017,Coney Island,160
09/06/2017,Orchard,125
09/06/2017,Manhattan,150
09/06/2017,Rockaway,800
09/06/2017,Midland,425
09/06/2017,South Beach,525
09/06/2017,Wolfe's Pond,0
09/06/2017,Cedar Grove,0
09/07/2017,Coney Island,4000
09/07/2017,Orchard,350
09/07/2017,Manhattan,375
09/07/2017,Rockaway,3300
09/07/2017,Midland,650
09/07/2017,South Beach,750
09/07/2017,Wolfe's Pond,0
09/07/2017,Cedar Grove,0
09/08/2017,Coney Island,3300
09/08/2017,Orchard,350
09/08/2017,Manhattan,650
09/08/2017,Rockaway,2900
09/08/2017,Midland,750
09/08/2017,South Beach,900
09/08/2017,Wolfe's Pond,0
09/08/2017,Cedar Grove,0
09/09/2017,Coney Island,6000
09/09/2017,Orchard,3750
09/09/2017,Manhattan,1150
09/09/2017,Rockaway,18000
09/09/2017,Midland,2925
09/09/2017,South Beach,2150
09/09/2017,Wolfe's Pond,0
09/09/2017,Cedar Grove,0
09/10/2017,Coney Island,6000
09/10/2017,Orchard,4250
09/10/2017,Manhattan,800
09/10/2017,Rockaway,34000
09/10/2017,Midland,1750
09/10/2017,South Beach,1700
09/10/2017,Wolfe's Pond,0
09/10/2017,Cedar Grove,0
05/26/2018,Coney Island,165000
05/26/2018,Orchard,11000
05/26/2018,Manhattan,5000
05/26/2018,Rockaway,208000
05/26/2018,Midland,8700
05/26/2018,South Beach,8000
05/26/2018,Wolfe's Pond,815
05/26/2018,Cedar Grove,165
05/27/2018,Coney Island,1515
05/27/2018,Orchard,700
05/27/2018,Manhattan,25
05/27/2018,Rockaway,300
05/27/2018,Midland,230
05/27/2018,South Beach,400
05/27/2018,Wolfe's Pond,30
05/27/2018,Cedar Grove,0
05/28/2018,Coney Island,11500
05/28/2018,Orchard,5500
05/28/2018,Manhattan,3000
05/28/2018,Rockaway,6000
05/28/2018,Midland,1000
05/28/2018,South Beach,4400
05/28/2018,Wolfe's Pond,690
05/28/2018,Cedar Grove,17
05/29/2018,Coney Island,4500
05/29/2018,Orchard,8500
05/29/2018,Manhattan,1100
05/29/2018,Rockaway,11000
05/29/2018,Midland,1200
05/29/2018,South Beach,1700
05/29/2018,Wolfe's Pond,750
05/29/2018,Cedar Grove,51
05/30/2018,Coney Island,1500
05/30/2018,Orchard,1325
05/30/2018,Manhattan,850
05/30/2018,Rockaway,4600
05/30/2018,Midland,300
05/30/2018,South Beach,525
05/30/2018,Wolfe's Pond,15
05/30/2018,Cedar Grove,0
05/31/2018,Coney Island,1100
05/31/2018,Orchard,800
05/31/2018,Manhattan,125
05/31/2018,Rockaway,3000
05/31/2018,Midland,300
05/31/2018,South Beach,420
05/31/2018,Wolfe's Pond,40
05/31/2018,Cedar Grove,0
06/01/2018,Coney Island,4400
06/01/2018,Orchard,1150
06/01/2018,Manhattan,175
06/01/2018,Rockaway,1350
06/01/2018,Midland,245
06/01/2018,South Beach,315
06/01/2018,Wolfe's Pond,75
06/01/2018,Cedar Grove,17
06/02/2018,Coney Island,17000
06/02/2018,Orchard,25000
06/02/2018,Manhattan,800
06/02/2018,Rockaway,110000
06/02/2018,Midland,4700
06/02/2018,South Beach,4600
06/02/2018,Wolfe's Pond,325
06/02/2018,Cedar Grove,40
06/03/2018,Coney Island,2900
06/03/2018,Orchard,1200
06/03/2018,Manhattan,120
06/03/2018,Rockaway,7000
06/03/2018,Midland,850
06/03/2018,South Beach,575
06/03/2018,Wolfe's Pond,40
06/03/2018,Cedar Grove,0
06/04/2018,Coney Island,70500
06/04/2018,Orchard,1450
06/04/2018,Manhattan,225
06/04/2018,Rockaway,7000
06/04/2018,Midland,575
06/04/2018,South Beach,750
06/04/2018,Wolfe's Pond,75
06/04/2018,Cedar Grove,5
06/05/2018,Coney Island,3800
06/05/2018,Orchard,500
06/05/2018,Manhattan,380
06/05/2018,Rockaway,3700
06/05/2018,Midland,775
06/05/2018,South Beach,1050
06/05/2018,Wolfe's Pond,80
06/05/2018,Cedar Grove,12
06/06/2018,Coney Island,2800
06/06/2018,Orchard,2400
06/06/2018,Manhattan,700
06/06/2018,Rockaway,7000
06/06/2018,Midland,725
06/06/2018,South Beach,870
06/06/2018,Wolfe's Pond,55
06/06/2018,Cedar Grove,0
06/07/2018,Coney Island,7000
06/07/2018,Orchard,971
06/07/2018,Manhattan,140
06/07/2018,Rockaway,7500
06/07/2018,Midland,670
06/07/2018,South Beach,870
06/07/2018,Wolfe's Pond,50
06/07/2018,Cedar Grove,10
06/08/2018,Coney Island,12000
06/08/2018,Orchard,4350
06/08/2018,Manhattan,500
06/08/2018,Rockaway,22500
06/08/2018,Midland,1275
06/08/2018,South Beach,1750
06/08/2018,Wolfe's Pond,70
06/08/2018,Cedar Grove,35
06/09/2018,Coney Island,127500
06/09/2018,Orchard,15300
06/09/2018,Manhattan,2000
06/09/2018,Rockaway,275000
06/09/2018,Midland,4300
06/09/2018,South Beach,5200
06/09/2018,Wolfe's Pond,550
06/09/2018,Cedar Grove,190
06/10/2018,Coney Island,15000
06/10/2018,Orchard,10525
06/10/2018,Manhattan,400
06/10/2018,Rockaway,4000
06/10/2018,Midland,3000
06/10/2018,South Beach,1750
06/10/2018,Wolfe's Pond,200
06/10/2018,Cedar Grove,0
06/11/2018,Coney Island,45600
06/11/2018,Orchard,1240
06/11/2018,Manhattan,350
06/11/2018,Rockaway,10500
06/11/2018,Midland,700
06/11/2018,South Beach,850
06/11/2018,Wolfe's Pond,75
06/11/2018,Cedar Grove,29
06/12/2018,Coney Island,500
06/12/2018,Orchard,1526
06/12/2018,Manhattan,600
06/12/2018,Rockaway,3700
06/12/2018,Midland,850
06/12/2018,South Beach,820
06/12/2018,Wolfe's Pond,575
06/12/2018,Cedar Grove,20
06/13/2018,Coney Island,1050
06/13/2018,Orchard,350
06/13/2018,Manhattan,110
06/13/2018,Rockaway,700
06/13/2018,Midland,350
06/13/2018,South Beach,600
06/13/2018,Wolfe's Pond,50
06/13/2018,Cedar Grove,25
06/14/2018,Coney Island,47000
06/14/2018,Orchard,1277
06/14/2018,Manhattan,1500
06/14/2018,Rockaway,3500
06/14/2018,Midland,1400
06/14/2018,South Beach,1650
06/14/2018,Wolfe's Pond,150
06/14/2018,Cedar Grove,175
06/15/2018,Coney Island,9500
06/15/2018,Orchard,1447
06/15/2018,Manhattan,350
06/15/2018,Rockaway,12500
06/15/2018,Midland,1450
06/15/2018,South Beach,2100
06/15/2018,Wolfe's Pond,50
06/15/2018,Cedar Grove,75
06/16/2018,Coney Island,205000
06/16/2018,Orchard,66257
06/16/2018,Manhattan,3800
06/16/2018,Rockaway,231500
06/16/2018,Midland,7600
06/16/2018,South Beach,8600
06/16/2018,Wolfe's Pond,750
06/16/2018,Cedar Grove,185
06/17/2018,Coney Island,85000
06/17/2018,Orchard,82500
06/17/2018,Manhattan,7500
06/17/2018,Rockaway,108000
06/17/2018,Midland,9000
06/17/2018,South Beach,10300
06/17/2018,Wolfe's Pond,875
06/17/2018,Cedar Grove,180
06/18/2018,Coney Island,174000
06/18/2018,Orchard,33000
06/18/2018,Manhattan,2000
06/18/2018,Rockaway,80000
06/18/2018,Midland,1250
06/18/2018,South Beach,450
06/18/2018,Wolfe's Pond,50
06/18/2018,Cedar Grove,125
06/19/2018,Coney Island,13800
06/19/2018,Orchard,40000
06/19/2018,Manhattan,1550
06/19/2018,Rockaway,25300
06/19/2018,Midland,1580
06/19/2018,South Beach,2250
06/19/2018,Wolfe's Pond,70
06/19/2018,Cedar Grove,90
06/20/2018,Coney Island,13000
06/20/2018,Orchard,3350
06/20/2018,Manhattan,420
06/20/2018,Rockaway,12000
06/20/2018,Midland,1700
06/20/2018,South Beach,2140
06/20/2018,Wolfe's Pond,95
06/20/2018,Cedar Grove,129
06/21/2018,Coney Island,26500
06/21/2018,Orchard,6332
06/21/2018,Manhattan,500
06/21/2018,Rockaway,27500
06/21/2018,Midland,1275
06/21/2018,South Beach,1700
06/21/2018,Wolfe's Pond,150
06/21/2018,Cedar Grove,110
06/22/2018,Coney Island,19000
06/22/2018,Orchard,1658
06/22/2018,Manhattan,30
06/22/2018,Rockaway,4000
06/22/2018,Midland,800
06/22/2018,South Beach,1100
06/22/2018,Wolfe's Pond,40
06/22/2018,Cedar Grove,3
06/23/2018,Coney Island,37200
06/23/2018,Orchard,715
06/23/2018,Manhattan,270
06/23/2018,Rockaway,18500
06/23/2018,Midland,1200
06/23/2018,South Beach,1450
06/23/2018,Wolfe's Pond,160
06/23/2018,Cedar Grove,5
06/24/2018,Coney Island,111000
06/24/2018,Orchard,37452
06/24/2018,Manhattan,1800
06/24/2018,Rockaway,60000
06/24/2018,Midland,2000
06/24/2018,South Beach,2450
06/24/2018,Wolfe's Pond,490
06/24/2018,Cedar Grove,110
06/25/2018,Coney Island,21500
06/25/2018,Orchard,6243
06/25/2018,Manhattan,700
06/25/2018,Rockaway,18500
06/25/2018,Midland,1300
06/25/2018,South Beach,1400
06/25/2018,Wolfe's Pond,140
06/25/2018,Cedar Grove,100
06/26/2018,Coney Island,11700
06/26/2018,Orchard,3350
06/26/2018,Manhattan,1050
06/26/2018,Rockaway,9200
06/26/2018,Midland,1300
06/26/2018,South Beach,1600
06/26/2018,Wolfe's Pond,120
06/26/2018,Cedar Grove,125
06/27/2018,Coney Island,2100
06/27/2018,Orchard,3700
06/27/2018,Manhattan,400
06/27/2018,Rockaway,5500
06/27/2018,Midland,750
06/27/2018,South Beach,850
06/27/2018,Wolfe's Pond,40
06/27/2018,Cedar Grove,60
06/28/2018,Coney Island,16000
06/28/2018,Orchard,3357
06/28/2018,Manhattan,250
06/28/2018,Rockaway,6000
06/28/2018,Midland,500
06/28/2018,South Beach,600
06/28/2018,Wolfe's Pond,65
06/28/2018,Cedar Grove,10
06/29/2018,Coney Island,175000
06/29/2018,Orchard,11451
06/29/2018,Manhattan,2000
06/29/2018,Rockaway,105000
06/29/2018,Midland,3200
06/29/2018,South Beach,4150
06/29/2018,Wolfe's Pond,280
06/29/2018,Cedar Grove,210
06/30/2018,Coney Island,225000
06/30/2018,Orchard,63000
06/30/2018,Manhattan,13500
06/30/2018,Rockaway,330000
06/30/2018,Midland,9100
06/30/2018,South Beach,11150
06/30/2018,Wolfe's Pond,950
06/30/2018,Cedar Grove,310
07/01/2018,Coney Island,58000
07/01/2018,Orchard,102532
07/01/2018,Manhattan,17500
07/01/2018,Rockaway,265000
07/01/2018,Midland,11500
07/01/2018,South Beach,13100
07/01/2018,Wolfe's Pond,940
07/01/2018,Cedar Grove,450
07/02/2018,Coney Island,115000
07/02/2018,Orchard,52005
07/02/2018,Manhattan,1900
07/02/2018,Rockaway,10000
07/02/2018,Midland,3850
07/02/2018,South Beach,4300
07/02/2018,Wolfe's Pond,200
07/02/2018,Cedar Grove,130
07/03/2018,Coney Island,29000
07/03/2018,Orchard,28000
07/03/2018,Manhattan,2500
07/03/2018,Rockaway,15000
07/03/2018,Midland,7700
07/03/2018,South Beach,9100
07/03/2018,Wolfe's Pond,90
07/03/2018,Cedar Grove,60
07/04/2018,Coney Island,1520000
07/04/2018,Orchard,67018
07/04/2018,Manhattan,37000
07/04/2018,Rockaway,225000
07/04/2018,Midland,16000
07/04/2018,South Beach,17600
07/04/2018,Wolfe's Pond,2110
07/04/2018,Cedar Grove,350
07/05/2018,Coney Island,49000
07/05/2018,Orchard,5015
07/05/2018,Manhattan,1900
07/05/2018,Rockaway,8500
07/05/2018,Midland,9000
07/05/2018,South Beach,10100
07/05/2018,Wolfe's Pond,100
07/05/2018,Cedar Grove,100
07/06/2018,Coney Island,28400
07/06/2018,Orchard,200
07/06/2018,Manhattan,150
07/06/2018,Rockaway,2500
07/06/2018,Midland,1700
07/06/2018,South Beach,2200
07/06/2018,Wolfe's Pond,10
07/06/2018,Cedar Grove,5
07/07/2018,Coney Island,328000
07/07/2018,Orchard,26000
07/07/2018,Manhattan,3500
07/07/2018,Rockaway,85000
07/07/2018,Midland,4200
07/07/2018,South Beach,4850
07/07/2018,Wolfe's Pond,500
07/07/2018,Cedar Grove,250
07/08/2018,Coney Island,260000
07/08/2018,Orchard,74000
07/08/2018,Manhattan,3700
07/08/2018,Rockaway,202000
07/08/2018,Midland,8900
07/08/2018,South Beach,9600
07/08/2018,Wolfe's Pond,1250
07/08/2018,Cedar Grove,650
07/09/2018,Coney Island,36500
07/09/2018,Orchard,5000
07/09/2018,Manhattan,1000
07/09/2018,Rockaway,28500
07/09/2018,Midland,1700
07/09/2018,South Beach,1925
07/09/2018,Wolfe's Pond,240
07/09/2018,Cedar Grove,300
07/10/2018,Coney Island,27000
07/10/2018,Orchard,10000
07/10/2018,Manhattan,1600
07/10/2018,Rockaway,31000
07/10/2018,Midland,4100
07/10/2018,South Beach,4600
07/10/2018,Wolfe's Pond,190
07/10/2018,Cedar Grove,400
07/11/2018,Coney Island,33000
07/11/2018,Orchard,1200
07/11/2018,Manhattan,900
07/11/2018,Rockaway,19500
07/11/2018,Midland,3200
07/11/2018,South Beach,3850
07/11/2018,Wolfe's Pond,165
07/11/2018,Cedar Grove,135
07/12/2018,Coney Island,50500
07/12/2018,Orchard,3200
07/12/2018,Manhattan,950
07/12/2018,Rockaway,17500
07/12/2018,Midland,3500
07/12/2018,South Beach,3950
07/12/2018,Wolfe's Pond,125
07/12/2018,Cedar Grove,80
07/13/2018,Coney Island,88500
07/13/2018,Orchard,4500
07/13/2018,Manhattan,1700
07/13/2018,Rockaway,11700
07/13/2018,Midland,3600
07/13/2018,South Beach,4250
07/13/2018,Wolfe's Pond,180
07/13/2018,Cedar Grove,230
07/14/2018,Coney Island,201500
07/14/2018,Orchard,6212
07/14/2018,Manhattan,6200
07/14/2018,Rockaway,44000
07/14/2018,Midland,35000
07/14/2018,South Beach,7700
07/14/2018,Wolfe's Pond,500
07/14/2018,Cedar Grove,350
07/15/2018,Coney Island,82550
07/15/2018,Orchard,8700
07/15/2018,Manhattan,1100
07/15/2018,Rockaway,21000
07/15/2018,Midland,18500
07/15/2018,South Beach,10800
07/15/2018,Wolfe's Pond,65
07/15/2018,Cedar Grove,100
07/16/2018,Coney Island,28500
07/16/2018,Orchard,12200
07/16/2018,Manhattan,1300
07/16/2018,Rockaway,56500
07/16/2018,Midland,1100
07/16/2018,South Beach,1550
07/16/2018,Wolfe's Pond,155
07/16/2018,Cedar Grove,350
07/17/2018,Coney Island,6000
07/17/2018,Orchard,1500
07/17/2018,Manhattan,615
07/17/2018,Rockaway,6500
07/17/2018,Midland,700
07/17/2018,South Beach,950
07/17/2018,Wolfe's Pond,80
07/17/2018,Cedar Grove,150
07/18/2018,Coney Island,81200
07/18/2018,Orchard,2700
07/18/2018,Manhattan,2100
07/18/2018,Rockaway,22000
07/18/2018,Midland,1025
07/18/2018,South Beach,4250
07/18/2018,Wolfe's Pond,245
07/18/2018,Cedar Grove,250
07/19/2018,Coney Island,77000
07/19/2018,Orchard,4800
07/19/2018,Manhattan,1900
07/19/2018,Rockaway,8000
07/19/2018,Midland,2000
07/19/2018,South Beach,2550
07/19/2018,Wolfe's Pond,750
07/19/2018,Cedar Grove,300
07/20/2018,Coney Island,94000
07/20/2018,Orchard,8000
07/20/2018,Manhattan,1150
07/20/2018,Rockaway,28500
07/20/2018,Midland,7200
07/20/2018,South Beach,3300
07/20/2018,Wolfe's Pond,160
07/20/2018,Cedar Grove,400
07/21/2018,Coney Island,74000
07/21/2018,Orchard,13000
07/21/2018,Manhattan,2100
07/21/2018,Rockaway,25800
07/21/2018,Midland,12000
07/21/2018,South Beach,12100
07/21/2018,Wolfe's Pond,125
07/21/2018,Cedar Grove,130
07/22/2018,Coney Island,80500
07/22/2018,Orchard,5300
07/22/2018,Manhattan,1700
07/22/2018,Rockaway,15000
07/22/2018,Midland,11500
07/22/2018,South Beach,10900
07/22/2018,Wolfe's Pond,80
07/22/2018,Cedar Grove,250
07/23/2018,Coney Island,76300
07/23/2018,Orchard,200
07/23/2018,Manhattan,550
07/23/2018,Rockaway,7500
07/23/2018,Midland,1000
07/23/2018,South Beach,1100
07/23/2018,Wolfe's Pond,30
07/23/2018,Cedar Grove,150
07/24/2018,Coney Island,3300
07/24/2018,Orchard,1700
07/24/2018,Manhattan,1200
07/24/2018,Rockaway,13000
07/24/2018,Midland,1100
07/24/2018,South Beach,1400
07/24/2018,Wolfe's Pond,110
07/24/2018,Cedar Grove,180
07/25/2018,Coney Island,3825
07/25/2018,Orchard,75
07/25/2018,Manhattan,110
07/25/2018,Rockaway,2000
07/25/2018,Midland,600
07/25/2018,South Beach,700
07/25/2018,Wolfe's Pond,65
07/25/2018,Cedar Grove,60
07/26/2018,Coney Island,52000
07/26/2018,Orchard,300
07/26/2018,Manhattan,600
07/26/2018,Rockaway,8000
07/26/2018,Midland,1600
07/26/2018,South Beach,2150
07/26/2018,Wolfe's Pond,100
07/26/2018,Cedar Grove,80
07/27/2018,Coney Island,96000
07/27/2018,Orchard,900
07/27/2018,Manhattan,1400
07/27/2018,Rockaway,13000
07/27/2018,Midland,3650
07/27/2018,South Beach,5400
07/27/2018,Wolfe's Pond,120
07/27/2018,Cedar Grove,125
07/28/2018,Coney Island,84000
07/28/2018,Orchard,9500
07/28/2018,Manhattan,3000
07/28/2018,Rockaway,75500
07/28/2018,Midland,10550
07/28/2018,South Beach,12200
07/28/2018,Wolfe's Pond,490
07/28/2018,Cedar Grove,400
07/29/2018,Coney Island,76200
07/29/2018,Orchard,53050
07/29/2018,Manhattan,4000
07/29/2018,Rockaway,65500
07/29/2018,Midland,10400
07/29/2018,South Beach,11500
07/29/2018,Wolfe's Pond,850
07/29/2018,Cedar Grove,500
07/30/2018,Coney Island,20000
07/30/2018,Orchard,2700
07/30/2018,Manhattan,1150
07/30/2018,Rockaway,12000
07/30/2018,Midland,1100
07/30/2018,South Beach,1250
07/30/2018,Wolfe's Pond,50
07/30/2018,Cedar Grove,50
07/31/2018,Coney Island,28900
07/31/2018,Orchard,1500
07/31/2018,Manhattan,980
07/31/2018,Rockaway,12200
07/31/2018,Midland,900
07/31/2018,South Beach,1050
07/31/2018,Wolfe's Pond,450
07/31/2018,Cedar Grove,350
08/01/2018,Coney Island,10150
08/01/2018,Orchard,1550
08/01/2018,Manhattan,1550
08/01/2018,Rockaway,8000
08/01/2018,Midland,1250
08/01/2018,South Beach,1450
08/01/2018,Wolfe's Pond,205
08/01/2018,Cedar Grove,70
08/02/2018,Coney Island,13300
08/02/2018,Orchard,2100
08/02/2018,Manhattan,1700
08/02/2018,Rockaway,17500
08/02/2018,Midland,2600
08/02/2018,South Beach,3450
08/02/2018,Wolfe's Pond,105
08/02/2018,Cedar Grove,110
08/03/2018,Coney Island,25000
08/03/2018,Orchard,475
08/03/2018,Manhattan,450
08/03/2018,Rockaway,5200
08/03/2018,Midland,2100
08/03/2018,South Beach,3300
08/03/2018,Wolfe's Pond,70
08/03/2018,Cedar Grove,80
08/04/2018,Coney Island,60400
08/04/2018,Orchard,2025
08/04/2018,Manhattan,2590
08/04/2018,Rockaway,19500
08/04/2018,Midland,2925
08/04/2018,South Beach,3450
08/04/2018,Wolfe's Pond,110
08/04/2018,Cedar Grove,200
08/05/2018,Coney Island,107000
08/05/2018,Orchard,88500
08/05/2018,Manhattan,9500
08/05/2018,Rockaway,218000
08/05/2018,Midland,18000
08/05/2018,South Beach,12500
08/05/2018,Wolfe's Pond,470
08/05/2018,Cedar Grove,750
08/06/2018,Coney Island,39000
08/06/2018,Orchard,9000
08/06/2018,Manhattan,1500
08/06/2018,Rockaway,55500
08/06/2018,Midland,3200
08/06/2018,South Beach,3800
08/06/2018,Wolfe's Pond,300
08/06/2018,Cedar Grove,450
08/07/2018,Coney Island,18500
08/07/2018,Orchard,8000
08/07/2018,Manhattan,1600
08/07/2018,Rockaway,178000
08/07/2018,Midland,33000
08/07/2018,South Beach,21600
08/07/2018,Wolfe's Pond,250
08/07/2018,Cedar Grove,280
08/08/2018,Coney Island,20600
08/08/2018,Orchard,4000
08/08/2018,Manhattan,900
08/08/2018,Rockaway,14800
08/08/2018,Midland,9500
08/08/2018,South Beach,9950
08/08/2018,Wolfe's Pond,155
08/08/2018,Cedar Grove,175
08/09/2018,Coney Island,32000
08/09/2018,Orchard,3700
08/09/2018,Manhattan,400
08/09/2018,Rockaway,9000
08/09/2018,Midland,3650
08/09/2018,South Beach,5000
08/09/2018,Wolfe's Pond,100
08/09/2018,Cedar Grove,125
08/10/2018,Coney Island,53000
08/10/2018,Orchard,21000
08/10/2018,Manhattan,1500
08/10/2018,Rockaway,28000
08/10/2018,Midland,7100
08/10/2018,South Beach,9700
08/10/2018,Wolfe's Pond,180
08/10/2018,Cedar Grove,230
08/11/2018,Coney Island,175
08/11/2018,Orchard,190
08/11/2018,Manhattan,110
08/11/2018,Rockaway,2500
08/11/2018,Midland,1150
08/11/2018,South Beach,1900
08/11/2018,Wolfe's Pond,70
08/11/2018,Cedar Grove,80
08/12/2018,Coney Island,46000
08/12/2018,Orchard,15500
08/12/2018,Manhattan,1500
08/12/2018,Rockaway,23500
08/12/2018,Midland,7700
08/12/2018,South Beach,8600
08/12/2018,Wolfe's Pond,320
08/12/2018,Cedar Grove,480
08/13/2018,Coney Island,1020
08/13/2018,Orchard,260
08/13/2018,Manhattan,80
08/13/2018,Rockaway,2000
08/13/2018,Midland,400
08/13/2018,South Beach,500
08/13/2018,Wolfe's Pond,60
08/13/2018,Cedar Grove,80
08/14/2018,Coney Island,426145
08/14/2018,Orchard,156300
08/14/2018,Manhattan,23380
08/14/2018,Rockaway,581500
08/14/2018,Midland,92575
08/14/2018,South Beach,85200
08/14/2018,Wolfe's Pond,2395
08/14/2018,Cedar Grove,3110
08/15/2018,Coney Island,40800
08/15/2018,Orchard,25400
08/15/2018,Manhattan,2500
08/15/2018,Rockaway,28500
08/15/2018,Midland,8900
08/15/2018,South Beach,9900
08/15/2018,Wolfe's Pond,115
08/15/2018,Cedar Grove,120
08/16/2018,Coney Island,58000
08/16/2018,Orchard,4150
08/16/2018,Manhattan,3700
08/16/2018,Rockaway,26500
08/16/2018,Midland,6000
08/16/2018,South Beach,7300
08/16/2018,Wolfe's Pond,105
08/16/2018,Cedar Grove,100
08/17/2018,Coney Island,52000
08/17/2018,Orchard,4500
08/17/2018,Manhattan,1600
08/17/2018,Rockaway,29500
08/17/2018,Midland,6100
08/17/2018,South Beach,7600
08/17/2018,Wolfe's Pond,90
08/17/2018,Cedar Grove,180
08/18/2018,Coney Island,77500
08/18/2018,Orchard,15300
08/18/2018,Manhattan,3000
08/18/2018,Rockaway,57000
08/18/2018,Midland,17200
08/18/2018,South Beach,15800
08/18/2018,Wolfe's Pond,325
08/18/2018,Cedar Grove,250
08/19/2018,Coney Island,25250
08/19/2018,Orchard,500
08/19/2018,Manhattan,400
08/19/2018,Rockaway,200
08/19/2018,Midland,3400
08/19/2018,South Beach,2850
08/19/2018,Wolfe's Pond,60
08/19/2018,Cedar Grove,90
08/20/2018,Coney Island,18300
08/20/2018,Orchard,300
08/20/2018,Manhattan,350
08/20/2018,Rockaway,9000
08/20/2018,Midland,1800
08/20/2018,South Beach,2150
08/20/2018,Wolfe's Pond,155
08/20/2018,Cedar Grove,80
08/21/2018,Coney Island,14700
08/21/2018,Orchard,400
08/21/2018,Manhattan,400
08/21/2018,Rockaway,8500
08/21/2018,Midland,1100
08/21/2018,South Beach,1400
08/21/2018,Wolfe's Pond,80
08/21/2018,Cedar Grove,90
08/22/2018,Coney Island,17350
08/22/2018,Orchard,600
08/22/2018,Manhattan,950
08/22/2018,Rockaway,19000
08/22/2018,Midland,1300
08/22/2018,South Beach,1600
08/22/2018,Wolfe's Pond,70
08/22/2018,Cedar Grove,80
08/23/2018,Coney Island,21000
08/23/2018,Orchard,8200
08/23/2018,Manhattan,800
08/23/2018,Rockaway,28500
08/23/2018,Midland,2700
08/23/2018,South Beach,3000
08/23/2018,Wolfe's Pond,230
08/23/2018,Cedar Grove,150
08/24/2018,Coney Island,66000
08/24/2018,Orchard,5000
08/24/2018,Manhattan,1000
08/24/2018,Rockaway,52500
08/24/2018,Midland,3850
08/24/2018,South Beach,4400
08/24/2018,Wolfe's Pond,165
08/24/2018,Cedar Grove,330
08/25/2018,Coney Island,50500
08/25/2018,Orchard,17000
08/25/2018,Manhattan,3500
08/25/2018,Rockaway,119500
08/25/2018,Midland,4800
08/25/2018,South Beach,5100
08/25/2018,Wolfe's Pond,475
08/25/2018,Cedar Grove,370
08/26/2018,Coney Island,100000
08/26/2018,Orchard,63000
08/26/2018,Manhattan,4200
08/26/2018,Rockaway,137500
08/26/2018,Midland,7700
08/26/2018,South Beach,7600
08/26/2018,Wolfe's Pond,750
08/26/2018,Cedar Grove,550
08/27/2018,Coney Island,23500
08/27/2018,Orchard,30700
08/27/2018,Manhattan,1600
08/27/2018,Rockaway,133500
08/27/2018,Midland,1950
08/27/2018,South Beach,2100
08/27/2018,Wolfe's Pond,130
08/27/2018,Cedar Grove,350
08/28/2018,Coney Island,45500
08/28/2018,Orchard,73200
08/28/2018,Manhattan,14500
08/28/2018,Rockaway,48
08/28/2018,Midland,500
08/28/2018,South Beach,8400
08/28/2018,Wolfe's Pond,85
08/28/2018,Cedar Grove,300
08/29/2018,Coney Island,82500
08/29/2018,Orchard,79000
08/29/2018,Manhattan,4500
08/29/2018,Rockaway,70000
08/29/2018,Midland,4950
08/29/2018,South Beach,6600
08/29/2018,Wolfe's Pond,145
08/29/2018,Cedar Grove,150
08/30/2018,Coney Island,62100
08/30/2018,Orchard,11000
08/30/2018,Manhattan,1200
08/30/2018,Rockaway,45500
08/30/2018,Midland,5600
08/30/2018,South Beach,6950
08/30/2018,Wolfe's Pond,145
08/30/2018,Cedar Grove,125
08/31/2018,Coney Island,16500
08/31/2018,Orchard,100
08/31/2018,Manhattan,200
08/31/2018,Rockaway,7200
08/31/2018,Midland,1875
08/31/2018,South Beach,2575
08/31/2018,Wolfe's Pond,70
08/31/2018,Cedar Grove,85
09/01/2018,Coney Island,36000
09/01/2018,Orchard,8250
09/01/2018,Manhattan,950
09/01/2018,Rockaway,44500
09/01/2018,Midland,5800
09/01/2018,South Beach,7400
09/01/2018,Wolfe's Pond,200
09/01/2018,Cedar Grove,150
09/02/2018,Coney Island,58000
09/02/2018,Orchard,58000
09/02/2018,Manhattan,4000
09/02/2018,Rockaway,81000
09/02/2018,Midland,12200
09/02/2018,South Beach,13300
09/02/2018,Wolfe's Pond,375
09/02/2018,Cedar Grove,450
09/03/2018,Coney Island,100000
09/03/2018,Orchard,68000
09/03/2018,Manhattan,8000
09/03/2018,Rockaway,229300
09/03/2018,Midland,23000
09/03/2018,South Beach,24000
09/03/2018,Wolfe's Pond,340
09/03/2018,Cedar Grove,750
09/04/2018,Coney Island,52000
09/04/2018,Orchard,7500
09/04/2018,Manhattan,2000
09/04/2018,Rockaway,70000
09/04/2018,Midland,2450
09/04/2018,South Beach,3400
09/04/2018,Wolfe's Pond,0
09/04/2018,Cedar Grove,0
09/05/2018,Coney Island,11500
09/05/2018,Orchard,8200
09/05/2018,Manhattan,1800
09/05/2018,Rockaway,7500
09/05/2018,Midland,900
09/05/2018,South Beach,1150
09/05/2018,Wolfe's Pond,0
09/05/2018,Cedar Grove,0
09/06/2018,Coney Island,31000
09/06/2018,Orchard,2500
09/06/2018,Manhattan,1400
09/06/2018,Rockaway,17500
09/06/2018,Midland,1800
09/06/2018,South Beach,2800
09/06/2018,Wolfe's Pond,0
09/06/2018,Cedar Grove,0
09/07/2018,Coney Island,13000
09/07/2018,Orchard,1000
09/07/2018,Manhattan,130
09/07/2018,Rockaway,2000
09/07/2018,Midland,4200
09/07/2018,South Beach,2750
09/07/2018,Wolfe's Pond,0
09/07/2018,Cedar Grove,0
09/08/2018,Coney Island,11700
09/08/2018,Orchard,800
09/08/2018,Manhattan,200
09/08/2018,Rockaway,6500
09/08/2018,Midland,2150
09/08/2018,South Beach,4700
09/08/2018,Wolfe's Pond,0
09/08/2018,Cedar Grove,0
09/09/2018,Coney Island,5700
09/09/2018,Orchard,60
09/09/2018,Manhattan,120
09/09/2018,Rockaway,500
09/09/2018,Midland,675
09/09/2018,South Beach,650
09/09/2018,Wolfe's Pond,0
09/09/2018,Cedar Grove,0
